variable,test,chi2_stat,p_value,dof,effect_size_CramersV,low_expected_cells,significant_0.05
Sex,chi_square,260.71702016732104,1.1973570627755645e-58,1,0.5409359434469282,0,True
Pclass,chi_square,102.88898875696056,4.549251711298793e-23,2,0.33981738800531175,0,True
FareBand,chi_square,80.17393102947467,2.816616687453629e-17,3,0.2999699405619042,0,True
SibSp,chi_square,37.2717929152043,1.5585810465902147e-06,6,0.2045273023663305,4,True
Embarked,chi_square,25.964452881874784,2.3008626481449577e-06,2,0.17070676639164276,0,True
Parch,chi_square,27.925784060236168,9.703526421039996e-05,6,0.177036916072161,8,True
AgeBand,chi_square,15.093662802159688,0.004510844992848192,4,0.13015428469741228,0,True
