variable,test,t_stat,p_value,mean_survived_1,mean_survived_0,mean_diff_1_minus_0,significant_0.05
Fare,welch_t_test,6.839099259085254,2.6993323503141236e-11,48.39540760233918,22.117886885245902,26.27752071709328,True
Age,welch_t_test,-1.6920518933496043,0.0911013582410307,28.4756432748538,30.028233151183972,-1.5525898763301704,False
